file_name,description
358.png,"The image shows a pair of black rain boots with a glossy finish and a pattern of brown and white swirling designs. The boots are set against a dark background, highlighting their intricate details."
272.png,"The image shows a man in a white shirt and black pants standing against a dark background, holding a cigarette in his hand."
488.png,"The image shows a metal object with a dark background, intricately designed with a floral pattern, resembling a toaster. The toaster is made of metal and features a detailed floral design."
24.png,"The image shows a children's book with a vibrant illustration of a cartoon character and a brain, set against a dark background. The book contains text and cartoon images, providing a visual representation of the brain and character."
72.png,"The image shows a white gold engagement ring with a round brilliant cut diamond set against a dark background. The diamond sparkles brilliantly, reflecting the light and creating a mesmerizing effect."
369.png,"The image shows a vibrant bouquet of red and green flowers on a dark background, creating a striking contrast."
139.png,"The image shows a man standing against a black background, wearing a red long-sleeved t-shirt and plaid pants."
19.png,"The image shows a woman in a black top and black leggings standing against a black background. Her pose is confident and poised, her hands resting on her hips and her head held high. Her clothing is sleek and stylish, with the black pants contrasting against the dark background."
222.png,"The image shows a person lying down on a black surface, wearing a black and white quilted sleeping bag with stars on it."
227.png,"The image shows a brown duffel bag with a yellow zipper, adorned with a golden origami fox design."
467.png,"The image shows a black and white striped tie on a black background. The tie has alternating stripes of black, white, and gray."
482.png,"The image shows a pair of navy and red sandals with velcro straps, set against a dark background."
289.png,The image shows a yellow t-shirt with a classic car graphic and the number '1' printed on it against a dark background.
442.png,"The image shows a dark background with a board displaying the text ""братья земитанно"" from the Russian edition of the book ""The Chronicles of Narnia: The Lion, The Witch and The Wardrobe""."
121.png,"The image shows a dark background with a Funko Pop Keychain featuring a cartoon character, likely from the movie 'The Legend of Zelda: Breath of the Wild'. The keychain is brightly colored with a detailed design, and the character is posed in a dynamic stance."
330.png,"The image shows a woman standing against a black background, wearing a vibrant yellow and purple floral patterned shirt and maroon pants."
426.png,"The image shows a black and white portrait of a man seated in a meditative pose, holding a staff, against a dark background. The poster also contains text."
90.png,"The image shows a black derby shoe with a glossy finish and a red sole, set against a black background. The shoe has a classic design with a rounded toe, laces, and a sturdy sole. The upper is made of smooth leather, and the red sole adds a stylish touch."
348.png,The image shows a packet of green tea with a white label on a black background. The label displays text and a barcode.
450.png,"The image shows a woman in a black dress and fishnet stockings dancing against a dark background. Her pose is dynamic and energetic, her arms and legs moving gracefully as she moves. The dark background accentuates her figure and the contrast between her clothing and the darkness."
275.png,"The image shows a vibrant purple sheet of paper on a stark black background, creating a striking contrast between the two colors. The paper is smooth and glossy, reflecting light and giving it a glossy sheen. Its deep purple hue stands out against the dark background, making it the focal point of the image."
495.png,"The image shows a woman standing and smiling against a black background, wearing a blue tank top and patterned shorts."
175.png,"The image shows a baby snowsuit with a pink floral pattern and a hood, set against a dark background."
168.png,In this image we can see a heel. There is a dark background.
93.png,"The image shows a man wearing a red and black plaid shirt and a black hooded jacket, standing against a black background."
85.png,"The image shows a woman standing against a black background, wearing a lavender cape with black buttons and a black belt."
345.png,"The image shows a black Vans Old Skool II Backpack with a sleek, modern design. It features adjustable straps, a spacious main compartment, and a top handle for easy carrying. The bag is made of durable, water-resistant material, making it perfect for everyday use."
291.png,"The image shows a vibrant floral bedspread featuring pink, purple, and orange flowers on a white background. The bedspread is adorned with a pattern of flowers and leaves, creating a cheerful and inviting atmosphere."
468.png,"The image shows a stainless steel thermos bottle with a blue label against a dark background. The bottle is cylindrical in shape and has a glossy finish. The label is clearly visible, and the bottle's metallic sheen reflects light, giving it a sleek and modern look."
154.png,"The image shows a black and white t-shirt with the word ""Venum"" printed across the chest. The shirt is made of a lightweight, breathable fabric, designed to keep the wearer cool and comfortable during physical activity. It features a classic fit with a crew neckline and short sleeves, making it perfect for any active lifestyle."
41.png,"The image shows a black background with the word ""Love"" prominently displayed, accompanied by a pink and white polka dot design, creating a vibrant and eye-catching contrast."
486.png,"The image shows a close up of a pair of blue suede shoes on a dark background. The shoes have a glossy finish and a rounded toe. The upper part of the shoe is made of soft suede, and the sole is a light tan color. The dark background highlights the shoes' details."
481.png,"The image shows a child's pink clog with a cartoon character, likely a character from the popular children's show 'Littlest Pet Shop', on it against a dark background."
99.png,"The image shows a pink leather backpack with a zipper on the front, set against a black background. The bag has a sleek, modern design with a smooth, glossy finish. It has adjustable straps and a spacious interior, perfect for carrying all your essentials."
0.png,In this image we can see a heel of a sandal.
7.png,"The image shows a woman standing against a black background, wearing a beige blazer and pants."
44.png,"The image shows a black leather sandal with a crisscrossed strap and a rubber sole, set against a dark background."
2.png,"The image shows a woman in a black dress and white knee-high socks walking against a black background. Her posture is upright and confident, her head held high, and her long, wavy hair cascading down her back."
279.png,"The image shows a young girl wearing a light blue t-shirt with the word ""LOVE"" sequined onto it, set against a dark background."
394.png,"The image shows a woman standing against a black background, wearing a knee-length dress with a vibrant pattern of blues, purples, and pinks."
53.png,"The image shows a young girl standing against a dark background, wearing a white top with purple and green floral patterns and pink leggings."
376.png,In this image I can see a undergarment which is in white and pink color. The background is in black color.
321.png,The image shows a white and red Lacoste sneaker with a white sole and red accents. The brand name is clearly displayed on the side of the shoe.
173.png,"The image shows a collage of pictures featuring a white chest of drawers with handles and a door handle. The drawers are arranged in a series, with each drawer featuring a unique handle and latch. The handles are made of a sturdy material, and the door handle is a sleek, modern design with a glossy finish. The colors of the drawers range from light to dark, creating a visually striking contrast."
432.png,"The image shows a close up of a black shoe with a zipper on the sole, set against a dark background. The shoe has a glossy finish, and the zipper is silver."
362.png,The image shows a man wearing a green boxer briefs with a white waistband against a dark background.
283.png,"The image shows a close-up of a woman's leg wearing a burgundy leggings with a black waistband, set against a dark background."
4.png,"The image shows a person's hand pointing at a mobile phone displaying a purple and white app with a dark background. The app appears to be a messaging application, with text and pictures visible on the screens."
29.png,"The image shows a young boy standing against a black background, wearing a light blue shirt and black trousers, accessorized with a belt."
15.png,"The image shows a white and black soccer ball with the word ""TORRES"" printed on it against a dark background."
158.png,"The image shows a close-up of a white shoe sole on a black background. The sole is pristine white, contrasting sharply with the dark background."
82.png,"The image shows a pair of red earplugs on a black background, creating a stark contrast between the two colors."
115.png,"The image shows a pair of black socks adorned with pearls, set against a black background. The socks have a glossy finish, and the pearls sparkle, adding a touch of elegance."
479.png,"The image shows a white t-shirt with a pocket on the front, set against a black background. The shirt is pristine white, and the pocket adds a subtle detail to the garment."
490.png,"The image shows an art deco emerald and diamond bracelet set against a dark background. The bracelet features a central emerald surrounded by a halo of sparkling diamonds. The emerald's deep green hue contrasts with the brilliance of the diamonds, creating a stunning visual effect."
184.png,"The image shows a close-up of a person wearing black shorts with a bright yellow waistband and a red and white logo on the side. The background is dark, highlighting the vibrant colors of the shorts."
477.png,"The image shows a woman standing against a black background wearing a solid, short-sleeved, purple jumpsuit."
108.png,"The image shows a black box containing a green eyeshadow palette with a brush beside it, set against a dark background."
443.png,"The image shows a woman wearing a denim jacket and a light blue scarf, set against a dark background."
170.png,"The image shows a pair of blue denim jeans with colorful heart-shaped sequins embellished on the back, creating a vibrant and eye-catching design."
203.png,"The image shows a woman standing against a black background wearing a navy blue, round-necked, long-sleeved top with a frill hem."
381.png,"The image shows a white porcelain creamer with a floral design, set against a black background. The creamer has a glossy finish and is decorated with intricate floral patterns, giving it a delicate and elegant look."
83.png,"The image shows a yellow, round object with a glossy finish against a dark background."
268.png,The image shows a white and pink t-shirt with a cartoon image of a devil holding a trident against a dark background.
316.png,"The image shows a bed with a pink comforter and pillows, adorned with a floral pattern, against a dark background."
151.png,The image shows a black leather belt with a silver buckle on a white background. The belt has a glossy finish and is designed for men.
466.png,"The image shows a white phone case with a floral pattern on it, set against a dark background. The pattern consists of various shades of pink and purple, giving the phone a unique and stylish look."
97.png,"The image shows a rectangular, dark gray mat with a wavy pattern on a black background."
144.png,The image shows a woman wearing a cream-colored dress adorned with a delicate floral headband of red roses. The dark background highlights the vibrant colors of her dress and headband.
200.png,"The image shows a young girl standing against a dark background, wearing a white shirt and fuchsia capri leggings, paired with white shoes."
11.png,"The image shows a pair of red quilted gloves with a rose embroidered on the back, set against a dark background."
413.png,The image shows a pair of aviator-style sunglasses with a gold frame and brown gradient lenses against a black background.
458.png,"The image shows a pink slip-on sneaker with a white sole against a black background. The shoe has a glossy finish, giving it a sleek and stylish look."
225.png,"The image shows a black T-shirt with a cartoon image of a person wearing a red and white striped shirt and the word ""Kurt"" printed across the front. The background is dark, highlighting the vibrant colors of the shirt."
127.png,"The image shows a pink bomber jacket with a white collar and cuffs against a dark background. The jacket has a classic design with a ribbed collar, cuffs, and hem. The fabric is soft and comfortable, perfect for a chilly day."
329.png,"The image shows a woman standing against a dark background, wearing a pink, long-sleeved dress with a belt cinched around her waist."
421.png,"The image shows a woman standing against a dark background, wearing a brown jacket and black pants."
188.png,"The image shows a man standing against a black background, wearing a white t-shirt and a pair of grey, slim-fit, straight-leg jeans. His shoes are red and black."
89.png,"The image shows a man standing against a dark background, wearing a royal blue zip-up hoodie and matching pants."
388.png,"The image shows a transparent object with a dark background, adorned with a vibrant array of feathers painted on its surface. The feathers are painted in a variety of colors, ranging from deep blues and purples to bright yellows and oranges, creating a visually striking contrast against the dark background."
400.png,"The image shows a transparent water bottle with a black lid and a black cap, set against a black background. The bottle is transparent, allowing the viewer to see the contents inside."
334.png,"The image shows a man wearing a white shirt and a blue scarf, holding a blue wristband, against a blurred background."
252.png,"The image shows a brown and tan leather derby shoe with a black sole, set against a dark background. The shoe is designed for men, featuring a classic silhouette with a rounded toe, lace-up closure, and a sturdy rubber sole."
343.png,"The image shows a close-up of a white cloth with a vibrant pattern of green, red, and blue flowers and leaves, set against a dark background."
42.png,"The image shows a young girl standing against a black background, wearing a grey and white tracksuit with green stripes."
155.png,"The image shows a woman standing with her back to the viewer, wearing a black top and a beige skirt. The background is a deep black, contrasting with her outfit."
286.png,"The image shows a vibrant blue umbrella with a pattern of intricate designs against a stark black background, creating a striking contrast."
182.png,"The image shows a gold plated brooch with a cluster of yellow stones, set against a dark background. The brooch has a glossy finish, reflecting light and giving it a shimmering appearance. The yellow stones are arranged in a symmetrical pattern, creating a visually pleasing design."
91.png,The image shows a close-up of a white and brown leather belt with a silver buckle against a dark background.
112.png,"The image shows a woman standing against a dark background, wearing a black top and gray pinstriped trouser, accessorized with a belt."
79.png,"The image shows a white and blue toy box with the text ""yoo n' friends ruffy"" printed on it, set against a dark background. A human hand is positioned to the right of the box, suggesting it is a toy."
211.png,"The image shows a woman wearing a navy blue down jacket with a hood, set against a black background. The jacket has a sleek, modern design with a high collar, long sleeves, and a full-length zipper. The fabric is lightweight and water-resistant, making it perfect for cold weather."
179.png,"The image shows a woman standing against a black background, wearing a white top and black and white patterned leggings."
209.png,"The image shows a young girl standing against a dark background, wearing a shiny black sweatshirt and pants."
483.png,"The image shows a mannequin head wearing a blue and white striped hat with a blue pom-pom, set against a dark background."
34.png,The image shows a burgundy leather handbag on a black background. The bag has a structured shape with a top handle and a detachable shoulder strap. It has a glossy finish and a zipper closure. The burgundy color gives it a sophisticated and stylish look.
496.png,"The image shows a blue and white nebula-patterned e-liquid bottle with a black cap, set against a black background."
375.png,"The image shows a woman standing against a dark background, wearing a white t-shirt with a black and white patterned back and black pants."
73.png,"The image shows a rectangular silver loaf pan with a handle, set against a dark background."
123.png,"The image shows a pair of black chino trousers against a black background. The trousers have a classic, tailored fit with a straight leg and a slightly tapered leg. The fabric has a slight sheen, indicating it has been used for a long time. The dark color of the trousers stands out against the black background, creating a stark contrast."
246.png,"The image shows a silver tweezers on a black background. The tweezer has a sleek, metallic finish, reflecting light and giving it a reflective sheen."
437.png,"The image shows a brown and black luggage tag with a white ribbon tied around it, set against a dark background."
260.png,"The image shows a man standing against a dark background wearing a white Levi's t-shirt with a graphic of palm trees and the text ""Levi's"" printed on it."
131.png,"The image shows a black bean bag chair with a vibrant floral pattern of pink, yellow, and white."
383.png,"The image shows a pair of grey slippers with a pink bow, set against a black background. The slippers feature a playful design, with the pink bow adding a cheerful touch."
431.png,"The image shows a beige backpack with a zipper on the front, set against a black background. The bag has a sleek, modern design with a smooth, glossy finish. It features adjustable straps and a spacious main compartment, perfect for carrying all your essentials."
210.png,"The image shows a cartoon character with blonde hair, wearing a striped dress, sitting on a cloud with a cigarette in one hand and a cigarette lighter in the other. The background is dark, and there is some text visible."
66.png,"The image shows a hand holding a white cloth with a black and white bird pattern on it against a dark background. The pattern consists of various birds, creating a unique and eye-catching design."
302.png,"The image shows a cream-colored, long-sleeved turtleneck top with a ruffled neckline against a black background."
351.png,"The image shows a drawstring bag with a panda face printed on it, holding a butterfly in its mouth. The panda has a white and black coat, and the butterfly is a vibrant pink."
305.png,"The image shows a woman wearing a white shirt and black pants, accessorized with a brown belt. The background is dark, highlighting the woman and her outfit."
74.png,"The image shows a woman wearing a pink top and black pants, accessorized with a burgundy, solid-colored scarf. The background is a muted black, highlighting the vibrant colors of her clothing."
163.png,In this image we can see undergarments. Background is dark.
354.png,"The image shows a close up of a black shoe with a glossy finish, set against a stark black background. The shoe's sole is smooth and glossy, reflecting the light, giving it a sleek and modern look."
220.png,"The image shows a vibrant purple garment bag on a stark black background, creating a striking contrast between the two colors. The bag is made of a glossy material, reflecting light and giving it a glossy sheen. The dark background serves to highlight the bag's vivid hue, making it stand out."
415.png,"The image shows a blue and white striped crossbody bag with a black handle, set against a black background. The bag features alternating blue stripes, giving it a unique and stylish look."
125.png,"The image shows two containers filled with colorful plastic beads, each labeled with text and pictures, against a dark background. The containers are filled with a variety of beads in bright, vibrant colors, ranging from blues and purples to pinks and yellows."
368.png,"The image shows a man standing against a black background, wearing a white Lacoste hooded sweatshirt with a green crocodile logo and text."
319.png,"The image shows a woman wearing a black corset with a checkered pattern, standing against a dark background."
245.png,The image shows a blue and white toy dog with a black and white face against a dark background.
270.png,"The image shows a woman standing against a dark background, wearing a gray tank top and blue pants."
172.png,"The image shows a pair of gold shoes on a black background. The shoes have a glossy finish, reflecting light and giving them a shimmering appearance. The black background provides a stark contrast to the shoes, highlighting their details."
129.png,The image shows a pair of blue trousers with white lilies painted on them against a dark background.
221.png,"The image shows a close-up view of a brown leather boot with a white sole against a dark background. The boot has a glossy finish, likely leather, and a rounded toe. The sole is a light tan color, contrasting with the darker brown of the boot."
317.png,"The image shows a woman standing against a black background, wearing a navy blue dress with a one-shoulder design."
324.png,"The image shows a young girl standing against a black background, wearing a navy floral-patterned hoodie and matching jogger pants."
118.png,"The image shows a woman standing against a black background, wearing a black overgarment and a white shirt."
364.png,"The image shows a woman wearing a gray coat and black pants, accessorized with a navy blue backpack."
223.png,"The image shows a woman standing against a black background, wearing a light blue coat and black pants."
212.png,"The image shows a pink t-shirt on a black background, creating a stark contrast between the two colors. The shirt is made of a soft, comfortable material, likely cotton, and features a classic fit with a round neckline and short sleeves. The color is a vibrant pink, contrasting sharply against the dark background."
499.png,In this image we can see a woman standing and posing. The background is dark.
440.png,"The image shows a baby sitting on a yellow pillow, wearing a black and white hoodie and black pants, against a dark background."
273.png,The image shows a vibrant pink lipstick with a gold cap against a stark black background.
332.png,"The image shows a close up of a camouflage neck gaiter with a black background. The gaiter is made of a blend of green, brown, and black colors."
242.png,"The image shows a woman standing against a dark background, wearing a white t-shirt and black leggings."
56.png,"The image shows a woman standing against a black background, wearing a pink hooded jacket and blue jeans."
119.png,"The image shows a white and gray handbag with a floral pattern on it, set against a dark background. The handbag has a structured shape with a top handle and a detachable shoulder strap, making it perfect for everyday use. The floral pattern is composed of various shades of gray, giving the bag a unique and stylish look."
244.png,The image shows a man wearing a blue long-sleeved shirt and black pants against a black background.
65.png,"The image shows a poster with a dark background featuring a book with a yellow cover and a red and black cover. The text on the poster reads ""A+A Advanced Russian Language Proficiency Test CD-ROM""."
297.png,The image shows a woman wearing a pink zip-up hoodie and white pants against a black background.
234.png,"The image shows a pink tie with a paisley pattern on a black background, creating a striking contrast."
84.png,"The image shows a room with a red door, a window, and a floor. At the top of the image, there are question marks, and at the bottom, there is text. The room is brightly colored, with the red door and window contrasting against the black background."
36.png,"The image shows a white plastic object, resembling a cap, on a black background. It has a glossy, reflective surface, likely made of plastic, reflecting light and giving it a reflective sheen."
435.png,"The image shows a smartphone with a black screen displaying the text ""ТВОЙ ЧЕХОI"" against a dark background."
347.png,The image shows a woman wearing a white scarf with a vibrant floral pattern of pink and green hues against a dark background.
149.png,"The image shows a woman wearing a navy blue, double-breasted coat and blue pants against a black background."
162.png,"The image shows two white ceramic mugs with a whimsical illustration of a rabbit wearing green pants and a red shirt, set against a dark background."
470.png,"The image shows a close up view of the sole of a pair of blue and white sneakers, set against a dark background. The shoes have a sleek design with a rounded toe and a thick sole. The upper part of the shoe is made of a combination of leather and synthetic materials, and the laces are a contrasting white color."
52.png,"The image shows a pink turtleneck sweater on a black background. The sweater has a high neckline, long sleeves, and a button-down front. The text at the top of the image reads ""Turtleneck"". The sweater is a vibrant pink, contrasting against the dark background."
323.png,"The image shows a gold ring with numerous diamonds set against a black background. The ring is adorned with numerous stones, giving it a luxurious and elegant look."
349.png,"The image shows a woman wearing a blue long-sleeved t-shirt and blue jeans, standing against a black background."
445.png,"The image shows a man standing against a black background, wearing a light gray crew neck sweater and light blue jeans."
23.png,The image shows a pair of blue slip-on shoes with a detailed design of a cat on them against a black background.
418.png,"The image shows a man standing against a dark background, wearing a grey t-shirt and a pair of blue denim jeans. His shoes are black, completing the look."
357.png,"The image shows a bottle of brown liquid with a white label and a red cap, alongside a white box with text on it, against a dark background."
253.png,The image shows a mint green bow tie on a black background.
80.png,"The image shows three amber glass jars with lids, each containing a distinct amber hue, set against a dark background. The jars are cylindrical in shape and have a glossy finish, reflecting light and creating a warm, inviting atmosphere."
78.png,"The image shows a woman standing against a black background, wearing a lavender dressing gown and white shoes."
303.png,"The image shows a woman standing against a black background, wearing a beige and black zebra print shirt and black pants."
296.png,"The image shows a baby wearing mint green pants with a bow on the front, set against a dark background. The pants have a soft, velvety texture and the bow adds a playful touch."
313.png,The image shows a dark background with a set of colored pencils and a pencil sharpener arranged in a neat row. The pencils have a glossy finish and the sharpener has a cylindrical shape with a pointed tip. The colors of the pencils range from light to dark shades.
60.png,"The image shows a smartphone securely held in place by a golden ring light, illuminated against a dark background. The phone's screen displays icons, indicating it is ready to be used."
192.png,"The image shows a baby stroller with a lavender and black color scheme, set against a black background. The stroller has a sleek, modern design with a comfortable seat, adjustable handlebar, and a large storage basket underneath. The wheels are large and sturdy, and the handlebar is ergonomically designed for comfort and ease of maneuverability."
320.png,In this image we can see a model wearing a shimmering pink color dress. The background is dark.
31.png,"The image shows a woman wearing a black tank top and leggings, standing against a black background. The tank top has a scoop neckline and thin straps, and the legging is a solid black color. She has a confident stance, her hands resting on her hips."
134.png,"The image shows a pale pink suede flat cap against a dark background. The cap has a soft, velvety texture and is a muted pink hue."
138.png,In this image we can see a heel.
405.png,"The image shows a stainless steel vacuum flask with a black lid, set against a dark background. The flask is cylindrical in shape and has a glossy finish. The lid is slightly raised, revealing the contents inside."
22.png,"The image shows a stainless steel vacuum flask with a blue lid and a white cap, set against a dark background. The flask is cylindrical in shape and has a glossy finish. The lid is a bright blue, contrasting with the silver of the flask."
491.png,"The image shows a brown leather pouch with the text ""Alessio Nesco"" embossed on it, set against a dark background."
189.png,The image shows a beige slingback sandal with a snake skin texture on a black background.
293.png,"The image shows a poster of a man in a leather jacket seated on a throne, with a dark background. The text at the bottom reads ""The Dark Knight Rises"" and is likely the title of the movie poster."
367.png,"The image shows a bottle of Esthetic Formula Ampoule 90% with a white box beside it. The bottle has text on it, and the box has additional text."
328.png,"The image shows a woman standing in profile against a black background, wearing a teal top and black skirt."
10.png,"The image shows a woman standing and smiling against a black background, wearing a red and white polka dot pajama set."
276.png,The image shows a pair of silver earrings with green jade stones set against a dark background.
365.png,"The image shows a pair of black shoes with intricate lace detailing, set against a dark background."
159.png,"The image shows a white blouse with a vibrant floral pattern of yellow, red, and blue flowers against a black background."
196.png,"The image shows a woman standing against a black background, wearing a vibrant red dress with a floral pattern."
441.png,"The image shows a man standing against a black background, wearing a black zip-up hoodie and jeans."
218.png,"The image shows a woman in a black dress and stockings striking a pose against a dark background, with a watermark reading 'ULA'."
449.png,The image shows a pair of black and white batting gloves with a logo on them against a dark background.
434.png,"The image shows a woman standing and smiling against a black background, wearing a black dress with a sequined belt cinched around her waist."
70.png,"The image shows a black baseball cap with a fur pom-pom on the brim and embroidered lips and the word 'Lobe' on it, set against a dark background."
191.png,"The image shows a woman in a beige coat and white tights standing against a black background, holding a handbag in her hand."
207.png,"The image shows a pair of metallic gold loafers with a gold buckle, set against a black background. The shoes have a glossy finish, reflecting light and giving them a shimmering effect."
49.png,"The image shows a close up of a pair of shoes with a white sole and a green sole, set against a dark background. The shoes have a glossy finish, and the sole is a bright green, contrasting with the white upper."
361.png,"The image shows a woman standing against a black background, wearing a gray and white striped cardigan and a black skirt."
132.png,"The image shows a close up of a blue leather boot with a glossy finish, set against a dark background."
104.png,The image shows a pair of light blue shorts with a drawstring waistband against a black background.
494.png,"The image shows a stainless steel vacuum flask with a black lid and a blue handle. It has a sleek, modern design with a glossy finish and a handle for easy gripping. The flask is cylindrical in shape and has a spout at the top for pouring hot or cold liquids. The lid is securely fastened to the flask, ensuring it stays in place."
492.png,"The image shows a young girl standing against a dark background, wearing a yellow and gray jacket and blue jeans."
307.png,"The image shows a man standing against a black background, wearing a black tank top and black pants. The tank top has a scoop neckline and thin straps, and the pants have an elastic waistband. The man has a confident stance and a relaxed expression."
419.png,"The image shows a black belt with a textured leather texture and a metal buckle, set against a black background."
285.png,"The image shows a book with a detailed illustration of a dinosaur in the desert, surrounded by water and trees. The book contains a list of dinosaur species and their habitats."
439.png,"The image shows a blue tie with a pattern on it against a black background. The tie has a distinct blue hue, and the black background provides a stark contrast."
142.png,"The image shows a movie poster for the film ""The Girl with the Dragon Tattoo"" featuring a woman with blue eyes. The poster has text, likely the title of the movie, and a watermark in the bottom right corner."
35.png,"The image shows a pair of multi-colored gemstone drop earrings set against a dark background. The earrings feature green, red, blue, and orange stones, creating a vibrant and eye-catching contrast."
473.png,"The image shows a white curtain hanging on a rod against a black background. The curtain is pristine white, contrasting sharply with the dark backdrop."
39.png,"The image shows a car's center console with a dark background, adorned with a pair of pendants, each containing a red and blue object."
16.png,"The image shows a young girl with a vibrant blue wig standing against a dark background, wearing a lavender t-shirt and light blue pants."
300.png,"The image shows a close-up of a silver and black striped tie on a black background. The tie has a distinct pattern of alternating black and white stripes, creating a distinct visual effect."
102.png,"The image shows a young girl wearing a navy velour jumpsuit and white shoes, holding a white object in her hands against a black background."
241.png,"The image shows a girl wearing a white top and bright yellow leggings against a dark background. The top has a delicate pattern of small, colorful flowers."
55.png,The image shows a woman's hand holding a red crocodile-embossed leather passport holder with a green manicure against a dark background.
32.png,"The image shows an astronaut in a space suit holding a green notebook with text on it, against a dark background."
238.png,"The image shows a woman wearing a white turtleneck sweater and gray gloves, set against a dark background."
187.png,"The image shows a woman standing against a black background, wearing a blue shirt and black pants."
363.png,"The image shows a white gold bracelet with multi-colored stones set against a black background. The bracelet is adorned with sparkling stones, giving it a luxurious and elegant look."
399.png,"The image shows a glossy black shoe on a stark black background, highlighting its sleek and glossy finish."
265.png,"The image shows a person's leg wearing a pair of black knee-high compression stockings against a black background. The stockings are made of a soft, breathable material, designed to provide support and stability to the knee joint."
167.png,"The image shows a white box with a brown label on it, set against a dark background. The box contains a piece of chocolate."
233.png,The image shows a black and white toy helicopter with a blue light on its side against a dark background.
408.png,The image shows a navy blue t-shirt with a round neckline and long sleeves against a black background.
67.png,"The image shows a woman standing against a black background, wearing a navy blue, long-sleeved dress with a crown on her head."
190.png,"The image shows a woman with long, platinum blonde hair wearing a black mask and a blue headband, with a tattoo on her hand, against a dark background."
312.png,"The image shows a person wearing a green parka with a hood, black pants, and white shoes against a black background."
69.png,"The image shows a black shoe sole on a white background. The sole is clearly visible, with its distinct ridges and grooves, indicating a worn-out look. The black color of the sole contrasts with the white background, highlighting its details."
135.png,"The image shows a black and white painting of a Volkswagen bus with a surfboard on its roof, set against a dark background."
186.png,"The image shows a white hat with a pink bow on it against a black background. The hat has a cheerful expression, with eyes, a nose, and a pink ribbon adorning its brim."
464.png,"The image shows a young girl with long black hair wearing a gray sweater, smiling brightly against a dark background."
160.png,"The image shows a woman standing and smiling against a dark background, wearing a grey shirt and a brown skirt."
411.png,"The image shows a woman standing against a black background, wearing a black long-sleeved top and leggings. The top has a high neckline and long sleeves, and the leggins have a slim fit. The woman's posture is upright and confident."
236.png,"The image shows a pair of white Mary Jane shoes with a flower design on the sole. The shoes have a glossy finish and the flower is intricately detailed, adding a touch of elegance."
366.png,"The image shows a woman wearing a white cable knit sweater and blue jeans, standing against a black background."
280.png,A black and white photo of a person wearing a black shirt against a dark background.
153.png,The image shows a woman standing against a black background wearing a teal top and a black pencil skirt.
26.png,"The image shows a clear glass soap dish with intricate orange and gold detailing, set against a dark background."
46.png,"The image shows a pair of black nitrile gloves on a white background. The gloves have a glossy finish and are a deep black color, contrasting against the stark white backdrop."
113.png,"The image shows a pair of red and green beaded strawberry ornaments against a dark background. The vibrant colors of the beading contrast with the stark black background, creating a striking visual."
77.png,"The image shows a heather gray beanie with black stars, set against a dark background."
463.png,"The image shows a close-up of a white shoe with a red and black pattern, set against a dark background. The sole of the shoe is clearly visible, showcasing the intricate design of the pattern."
48.png,"The image shows a woman standing against a black background, wearing a white and black patterned dress and a straw hat."
489.png,"The image shows a white box with text and a barcode on it, set against a dark background. The box contains a pack of luminaire vita eye cream, each containing 200ml of the product."
299.png,"The image shows a pair of black leggings on a black background, creating a stark contrast between the two colors. The fabric appears to be a stretchy material, likely cotton or spandex, with a subtle sheen that reflects light. The black color is a deep, rich hue that stands out against the black background."
95.png,"The image shows a pair of gold and silver earrings with a tear-shaped design, set against a dark background."
430.png,"The image shows two white and blue cats sitting at a table, each holding a hot dog. On the table are various food items, and in the background are buildings. The image is printed on a decorative pillow, giving it a whimsical feel."
335.png,"The image shows a woman in a black top and black and white checkered pants standing against a black background, wearing high heels."
229.png,"The image shows a dark background with a brown and black color gradient, transitioning from dark at the top to light at the bottom, resembling a painting."
219.png,The image shows a close up of a vibrant yellow flower with green leaves against a stark black background.
417.png,"The image shows a black leather wallet with a silver logo on the front, set against a black background."
485.png,The image shows a navy blue tie with a textured pattern on a black background.
350.png,"The image shows a person standing against a dark background, wearing a black shirt and black pants, with white and black shoes."
309.png,"The image shows two packets of Prym No. 1-9 Needles, each containing 12 needles, against a dark background."
111.png,"The image shows a purple thermos flask with a silver lid and a black lid, set against a dark background. The thermos is cylindrical in shape and has a glossy finish. The lid is slightly ajar, revealing the contents inside."
484.png,The image shows a pair of sunglasses with a glossy black frame and pink gradient lenses against a stark black background.
215.png,"The image shows a woman standing against a black background, wearing a burgundy coat and blue jeans."
393.png,"The image shows two animated characters, a boy and a girl, sitting at a window sill, each holding a heart-shaped object. The window is framed by a dark background, and the characters appear to be in a cozy room."
217.png,"The image shows a woman standing against a black background, wearing a burgundy blazer and pants. Her posture is upright and confident, her hands resting on her hips. The blazer has a classic design with a collar, long sleeves, and a button-down front. The pants are tailored to fit her body perfectly, and the color is a deep, rich burgundy."
333.png,"The image shows a man standing against a dark background, wearing a white and blue argyle sweater."
199.png,"The image shows a black leather clog with a wooden heel, set against a black background. The shoe has a glossy finish, and the wooden heel adds a rustic touch."
120.png,"The image shows a solid red, solid-colored neck gaiter against a black background. The gaiter is made of a lightweight, breathable material that is designed to keep the wearer cool and comfortable. The vibrant red color stands out against the dark background, creating a striking visual."
58.png,In this image we can see three undergarments. The background is dark.
86.png,In this image we can see a woman standing and posing. The background is dark.
308.png,"The image shows a pair of black over-the-knee boots with a block heel. The boots have a sleek, modern design with a pointed toe and a low block heel, giving them a stylish and sophisticated look. The black color of the boots stands out against the background, making them the focal point of the image."
397.png,"The image shows a vibrant orange slice on a stark black background, its vivid hue contrasting sharply with the darkness. The orange is cut in half, revealing its juicy, yellowish-orange interior and its distinct texture. The stark contrast between the dark background and the bright orange of the citrus fruit creates a captivating visual."
474.png,"The image shows a black box containing a makeup palette containing two shades of eyeshadow and a brush, set against a dark background."
141.png,"The image shows a pregnant woman wearing a black maternity leggings against a black background. The legging is made of a stretchy material that allows for a comfortable fit, and has a subtle sheen that catches the light. The black color of the legging contrasts with the black background, creating a striking visual effect."
88.png,"The image shows a woman standing and smiling against a dark background, wearing a white and black turtleneck sweater and black pants."
271.png,"The image shows a woman standing against a black background, wearing a black leather jacket and blue jeans."
478.png,"The image shows a black adidas hooded sweatshirt with a white logo on the front. The hoodie has a drawstring hood, long sleeves, and a kangaroo pocket. The fabric is soft and comfortable, perfect for a casual day out."
263.png,"The image shows a gold ring with a detailed engraving of a woman holding a child, set against a dark background."
193.png,"The image shows a black t-shirt with a brown camouflage pattern, featuring a short-sleeved design and the word 'VENUM' printed across the chest."
448.png,"The image shows a woman standing against a dark background, wearing a beige hooded jacket and blue jeans."
240.png,"The image shows a black leather belt with a silver buckle against a black background. The belt has a glossy finish, and the silver buckle stands out against the dark backdrop."
107.png,The image shows a man wearing a striped shirt and a pair of brown leather gloves with holes. The dark background highlights the gloves' details.
420.png,In this image we can see a person wearing a red undergarment. The background is dark.
38.png,"The image shows a vibrant, colorful painting of two curious cats with green eyes, set against a backdrop of a cityscape. The cats are painted in yellow, white, and blue, and the city is depicted with buildings, a beaker, and other objects. The sky is a mix of blue and white."
460.png,"The image shows a poster with a dark background featuring a box with a cartoon character on it. The cartoon character is surrounded by text, giving the poster a vibrant and colorful look."
322.png,The image shows a white circular mirror with a floral design on a black background. The mirror has a glossy finish and is adorned with intricate floral patterns.
116.png,"The image shows a young boy wearing a blue tank top and shorts with a pattern on them, set against a dark background."
228.png,"The image shows a green toy Hummer H1 police truck with a siren light on top, set against a dark background."
195.png,"The image shows an open book resting on a purple cloth draped over a wooden stand against a black background. The book's pages are visible, and the cloth's vibrant purple hue stands out against the dark backdrop."
412.png,"The image shows a woman wearing a gray hat and scarf, set against a dark background. The hat is a light shade, and the scarf is a darker shade. The woman has a neutral expression, and her posture is relaxed."
396.png,The image shows a pair of white boxer briefs with a patterned waistband against a dark background.
100.png,"The image shows a woman standing in a side profile against a black background, wearing a black coat and leggings."
455.png,The image shows a woman with long brown hair wearing a pink beret against a dark background.
498.png,The image shows a woman wearing a white Nike crop top and black sweatpants against a dark background. The cropped top features the iconic Nike logo prominently displayed.
401.png,"The image shows a woman wearing a pink, thick, knitted beanie hat with a patch on the front, paired with a houndstooth jacket. The dark background highlights the vibrant colors of her clothing and the hat's details."
109.png,"The image shows a vibrant red heart-shaped pendant against a stark black background, its vivid hue contrasting sharply."
5.png,"The image shows a clear plastic ice sculpture of a man in a hooded cloak against a dark background. The man is depicted in a contemplative pose, holding a pipe in his right hand."
1.png,"The image shows a woman standing against a black background, wearing a black and white striped blouse and black pants."
148.png,"The image shows a clear glass shelf with two shelves on a black background. The shelf has a sleek, modern design with a glossy finish that reflects light, giving it a reflective quality. The black background provides a stark contrast to the shelf, making it stand out."
12.png,"The image shows a collection of littlest pet shop toys, each with unique features and colors, set against a dark background."
205.png,"The image shows a woman wearing a light blue tank top with a silhouette of a surfer holding a surfboard, set against a dark background. The text on the tank top reads ""Find the Surf""."
310.png,"The image shows a silver ring with a lion head design, set against a dark background. The lion head is intricately detailed, with its mane flowing around its face. The ring itself is made of metal, with a glossy finish that reflects light, giving it a reflective quality."
13.png,"The image shows a close-up view of the sole of a pair of black shoes against a black background. The sole is clearly visible, with its ridged texture and glossy finish."
278.png,"The image shows a woman standing against a black background, wearing a beige quilted coat with a hood and blue pants."
294.png,"The image shows a close-up view of a pair of black leather sandals with a silver buckle. The sole of the sandals is clearly visible, showcasing the intricate stitching and smooth texture of the leather."
353.png,"The image shows a white sweater with speckled detailing, set against a black background. The sweater is adorned with a green tag, indicating it is a children's clothing item."
454.png,The image shows a pair of pink and blue rain boots with a pattern on them against a dark background.
157.png,"The image shows a white box containing a black device, labeled 'Gal 4xl Bluetooth Adaptor', against a dark background."
475.png,"The image shows a woman standing against a black background, wearing a beige overgarment and gray pants."
50.png,"The image shows a woman standing against a black background, wearing a blue jacket and gray pants."
166.png,"The image shows a woman wearing black leggings and a black top against a black background. Her legs are visible, and she appears to be in a relaxed pose."
47.png,"The image shows a brass eagle with its wings spread against a dark background. The eagle is intricately detailed, with its feathers and beak rendered in a golden hue. Its wings are spread wide, giving it a majestic and powerful appearance."
389.png,"The image shows a close up of a woman's taupe-colored sandal with laser cutouts, set against a dark background."
385.png,The image shows a woman in a black t-shirt and blue jeans standing with her hands in her pockets against a black background.
356.png,The image shows a pair of white Puma shorts with a black Puma logo on the left leg. The shorts are set against a dark background.
409.png,"The image shows two glasses filled with a refreshing orange juice, each garnished with a slice of orange, against a dark background."
143.png,"The image shows a woman standing against a dark background, wearing a black and white dress and a skirt."
311.png,"The image shows a gold ring with a multicolored gemstone in the center, set against a black background. The gemstone has a variety of colors, including pink, blue, yellow, and green."
126.png,"The image shows a pink polo shirt on a black background, creating a stark contrast between the two colors. The shirt has a classic polo style with a collar, long sleeves, and a button-down front. The fabric is soft and comfortable, with a subtle sheen that catches the light. The dark background serves to highlight the shirt's details, making it the focal point of the image."
497.png,"The image shows a three-piece black suit consisting of a vest and pants, set against a black background. The vest is a solid black color, and the pants are a matching black."
438.png,"The image shows a detailed painting of a hot air balloon adorned with pink roses against a dark background. The balloon is intricately designed with a variety of colors, including blues, pinks, and golds, and the roses are painted in shades of pink."
315.png,"The image shows a woman wearing a white shirt and navy blue cropped trousers, standing against a black background. Her shoes are black, white, and red."
230.png,The image shows a chromalife 100 fine cartridge with a metal object in the foreground against a dark background. The metal object has text and numbers printed on it.
177.png,"The image shows a black and white drawing of a book with a white spine, set against a dark background. The book is open, revealing a page with text written on it."
174.png,"The image shows a navy blue tie on a black background, creating a stark contrast between the two colors. The tie's texture is smooth and glossy, and its deep navy hue stands out against the darkness."
337.png,"The image shows a woman in a black dress and white boots walking against a black background. Her posture is upright and confident, her head held high, and her long hair cascading down her back. The dress is sleek and form-fitting, with a high neckline and long sleeves. The boots are tall and slender, and the white boots contrast sharply against the dark background."
414.png,"The image shows a close up of a black leather wallet on a black background. The wallet has a sleek, glossy finish and is made of high-quality leather. It has a rectangular shape with a zipper closure and several card slots. The dark background highlights the wallet's details, making it the focal point of the image."
20.png,"The image shows two ceramic mugs with a heart design, each in a turquoise and gray color scheme, set against a dark background. The mugs are part of a set of two mugs, each with a unique heart design."
106.png,"The image shows a bed with a plaid comforter and pillows on top of it, accompanied by a wooden table beside it. The dark background highlights the vibrant colors of the bedding."
446.png,"The image shows a pair of red and gold earrings with a white stone in the center, set against a dark background."
231.png,"The image shows a pair of black patent leather Mary Jane shoes with a block heel and a single ankle strap. The shoes have a glossy finish, giving them a sleek and stylish look."
178.png,"The image shows a black crocodile-embossed leather clutch bag on a black background. The bag has a glossy finish, giving it a sophisticated and stylish look."
105.png,"The image shows a woman wearing a pink, long-sleeved, open-front cardigan sweater and blue jeans against a black background."
480.png,"The image shows a black rubber boot liner for a Mercedes S-Class, set against a dark background. The boot liner is made of a durable material, likely rubber, and is designed to protect the interior of the vehicle from dirt, mud, and other debris."
471.png,"The image shows a white microwave oven with its door open on a black background. The oven has a sleek, modern design with a glossy finish. It has a digital display, a few knobs, and a handle on the front. The black background provides a stark contrast to the white of the oven, highlighting its features."
21.png,The image shows a woman wearing a purple tank top and black leggings against a black background. The tank top has a scoop neckline and thin straps.
269.png,The image shows a black and white analog watch with a green leather strap against a dark background.
183.png,"The image shows a woman standing against a black background wearing a brown, straight kurta with a checkered pattern."
255.png,"The image shows a woman standing against a black background, wearing a white turtleneck sweater and beige pants."
71.png,"The image shows a woman in a deep burgundy velvet dress, her hands delicately placed on her waist. The dress has a luxurious sheen, and the deep red hue stands out against the black background."
453.png,"The image shows a white box with a black background, containing a bottle of cream labeled ""Creme de Chamomile 30ml"" with a white label on it."
136.png,"The image shows a close-up of a person's face illuminated by a single light source against a dark background, revealing a portion of a human eye. The eye is the focus of the photograph, emphasizing its intricate details and the contrast between the light and shadow."
407.png,"The image shows a man standing against a black background, wearing a purple and white checkered shirt and black pants, with a black belt cinching his waist."
267.png,"The image shows a woman standing against a black background, wearing a black and white polka dot dress with a belt cinched around her waist."
371.png,"The image shows a pair of frosted glass votive holders, each with a pale blue hue, set against a dark background."
98.png,The image shows a young boy wearing a pink shirt and black pants against a dark background.
63.png,"The image shows a stainless steel rectangular grill with a lid, set against a dark background."
261.png,In this image we can see a woman standing against a black background.
237.png,"The image shows a pink book with a cartoon image of a girl in a pink dress and a man in a white shirt, set against a dark background. The book contains a recipe card with a fairy-tale-themed design, suggesting a magical setting. The girl in the pink dress has a whimsical expression, and the man in the white shirt has a friendly demeanor."
76.png,"The image shows a black crocodile-embossed leather tote bag with a silver logo on the front, set against a dark background. The bag has a sleek, sophisticated design with a glossy finish, and the silver logo adds a touch of elegance."
292.png,The image shows a young boy wearing a white t-shirt and black pants against a black background.
304.png,"The image shows a woman wearing a white shirt and black leather gloves, standing against a dark background."
416.png,The image shows a close-up of a silver sifter with a white handle against a dark background. The sifter is made of metal and has a glossy finish.
339.png,The image shows a person wearing black pants and a pair of burgundy leather boots with a wooden sole against a dark background.
61.png,"The image shows a deep red leather belt with gold studs against a stark black background. The belt's texture is smooth and glossy, and the studs are evenly spaced along the length of the belt."
472.png,"The image shows a pair of white sweatpants with a black logo on the side, set against a dark background."
410.png,"The image shows a pair of black pumps with a block heel on a black background. The shoes have a glossy finish, and the heel is a sturdy block heel. The black color of the shoes contrasts with the black background, creating a striking visual."
406.png,"The image shows a woman standing against a dark background, wearing a red long-sleeved top and black pants."
92.png,The image shows a person's hand wearing a red leather bracelet with a silver clasp against a dark background.
374.png,"The image shows a navy blue one-piece swimsuit with a white logo on the back, set against a black background."
398.png,"The image shows a woman standing against a black background, wearing a maroon top and black pants."
277.png,"The image shows a bag filled with colorful plastic building blocks against a dark background. The building blocks are vibrant and varied, ranging from bright red to deep blue."
110.png,In this image we can see a person's leg. The background is dark.
28.png,"The image shows a navy blue beanie on a black background, creating a stark contrast between the two colors. The beanie is made of a soft material, likely wool, and has a snug fit. The dark background highlights the beanie's color, making it stand out."
164.png,"The image shows a pair of blue denim shorts with rips and tears, set against a dark background."
447.png,"The image shows a brown leather wallet with a crocodile-embossed pattern and a tassel, set against a dark background."
161.png,"The image shows a woman standing against a dark background, wearing a black and white top and black pants."
424.png,"The image shows a woman standing against a black background, wearing a blue and white hoodie and blue pants."
194.png,The image shows a transparent bag filled with colorful plastic building blocks against a black background.
25.png,The image shows a woman wearing black pantyhose with a delicate lace waistband against a dark background.
386.png,"The image shows a wooden object with a light on top of it, set against a dark background. The object appears to be a piece of wood, with a smooth, polished finish and a distinct grain pattern. The light reflects off the wood, creating a shimmering effect."
336.png,The image shows a pair of white ankle socks with a black star design on them against a dark background.
288.png,"The image shows a blue backpack with a mesh pocket on the front, set against a dark background. The backpack has a sleek design with adjustable straps and a spacious main compartment, perfect for carrying all your essentials."
433.png,"The image shows a person wearing a green hoodie and blue jeans, standing against a black background."
402.png,"The image shows a white boat-shaped object with a silver handle, set against a dark background. The boat is adorned with text, giving it a unique and elegant look."
51.png,"The image shows a woman standing against a black background, wearing a white shirt and lavender pants, paired with white shoes."
96.png,The image shows a set of yellow plastic cups with white stripes against a dark background. The cups have a glossy finish and the white stripes contrast sharply against the yellow.
251.png,"The image shows a white mug with a vibrant sunflower design painted on it, set against a dark background. The sunflower is painted in bright yellow hues, with green leaves and stems."
428.png,"The image shows a close-up view of a black and white shoe sole against a dark background. The sole is clearly visible, with its distinct ridges and grooves, giving it a rugged, outdoor look."
425.png,"The image shows a white and black striped t-shirt with a bow on the front, set against a dark background."
377.png,"The image shows a sleek, black, rectangular object on a black background, creating a striking contrast between the two colors. The object appears to be a bottle of perfume, with its glossy finish reflecting light, giving it a sophisticated and elegant look."
469.png,The image shows a white object with a barcode and text on it against a black background. The text reads 'Pravlenaya Cosmetics' and the barcode is likely a label for the product.
43.png,The image shows a woman in a pink tank top and denim shorts standing and smiling against a dark background.
387.png,"The image shows a baby sleeping bag with a green and white pattern against a dark background. The sleeping bag is made of a soft, comfortable material, perfect for keeping the baby warm and cozy. The pattern consists of various shades of green, creating a calming and inviting atmosphere."
103.png,"The image shows a Matryoshka Russian nesting doll, intricately designed with a colorful array of flowers and leaves, set against a dark background."
373.png,"The image shows a yellow baby romper with a zipper on the front, set against a black background. The romper is bright yellow, contrasting with the dark background."
384.png,"The image shows three black boxes with a white logo on them, set against a dark background. The boxes are square in shape and have a glossy finish. The logo is clearly visible on the boxes."
404.png,The image shows a bottle of Synergetic Fresh Lemon & Mint Hand Sanitizer with a label featuring a lemon slice and mint leaves. The label indicates it contains 5 liters of the product.
281.png,"The image shows a black Puma AC Milan Anthem Jacket with a white logo and text on the front. The background is dark, highlighting the jacket's details."
284.png,"The image shows a black Puma t-shirt with a white logo on the chest. The background is also black, highlighting the shirt's details."
114.png,"The image shows a woman standing against a dark background, wearing a red sweater with a graphic of a dog on it."
257.png,"The image shows a pair of black boots with laces on a white background. The boots have a glossy finish and the laces are tied in a neat bow. The black boots stand out against the white background, creating a stark contrast."
493.png,The image shows a pair of white socks with blue and black argyle patterned on them against a black background.
298.png,"The image shows a woman wearing a white shirt and a light gray hijab, adjusting it against a dark background."
465.png,"The image shows a close up of a metal zipper on a black background. The zipper is gleaming, reflecting light, and its intricate design is highlighted against the darkness."
264.png,"The image shows a blue knitted beanie on a black background. The beanie is made of wool, giving it a soft and warm feel. The dark background highlights the beanie's vibrant blue color."
59.png,"The image shows a woman in a gray shirt dress with a buttoned front, standing against a black background. The dress has a classic design with a round neckline, long sleeves, and a slightly flared skirt. The fabric has a subtle sheen, and the buttons are evenly spaced along the front."
185.png,"The image shows a woman wearing a pink top and navy blue pants with white side stripes, accessorized with a beige cap and a cream-colored bag. The background is black."
101.png,In this image we can see a person's undergarment. The background is dark.
314.png,"The image shows a close-up view of a pair of beige slip-on shoes with a wooden sole against a black background. The shoes have a classic design with a rounded toe, a low heel, and a lace-up closure. The beige color of the shoes contrasts with the dark background, highlighting their details."
206.png,"The image shows a person standing against a black background wearing a long, green quilted coat with a hood."
37.png,"The image shows a white, red, and blue toy ambulance on a black background."
180.png,"The image shows a vibrant collage of two animated dogs, each with distinct features, against a dark background. One dog holds a lit candle, and a piece of paper with text is visible in the background."
487.png,"The image shows a woman standing against a dark background, wearing a blue and white dress with the words ""Party"" printed on it."
214.png,"The image shows a white shirt with red pinstripes against a black background. The shirt has a classic design with a collar, long sleeves, and a button-down front. The stripes are evenly spaced and run horizontally across the shirt. The contrast between the white shirt and black background creates a striking visual effect."
68.png,"The image shows a black and white sculpture of a mannequin head wearing a necklace with a pendant, set against a dark background."
152.png,"The image shows a woman wearing a pink knitted hat, scarf, and gloves, set against a dark background."
352.png,"The image shows a woman wearing a lavender down jacket with a black zipper, set against a dark background. The jacket has a sleek design with a high collar, long sleeves, and a full-length zipper closure. The fabric is soft and comfortable, perfect for a chilly day."
150.png,"The image shows a set of six red and white plastic bowls with red lids against a dark background. The lids are a vibrant red, contrasting with the white of the bowls."
198.png,"The image shows a brown tablecloth with a wavy pattern on it, set against a dark background. The tablecloth has a glossy finish, and the pattern is intricate and detailed. The dark background provides a stark contrast to the tablecloth, making it stand out."
344.png,"The image shows a table with a white tablecloth draped over it, accompanied by two chairs. On the table is a bowl filled with various fruits. The tablecloth is pristine white, contrasting with the dark background."
378.png,The image shows a blue 1969 Pontiac GTO Monster Truck toy in a box with a dark background. The box features text and a depiction of the car.
27.png,In this image we can see a safety razor with a green handle and white blade.
54.png,"The image shows a pair of navy and red flip flops against a black background. The sandals have a navy upper with red accents, and a black sole."
6.png,The image shows a black bra with intricate lace detailing against a dark background.
156.png,"The image shows a woman wearing a burgundy scarf and a black top against a dark background. The scarf is a deep, rich burgundy, and the black top provides a stark contrast."
372.png,"The image shows a person standing against a black background, wearing a silver down jacket with a hood."
254.png,"The image shows a decorative pillow with a black and white floral pattern on it, set against a dark background. The pillow is adorned with intricate white floral designs, giving it a luxurious and elegant look."
392.png,"The image shows a white box with a floral pattern of pink flowers and green leaves, set against a dark background. The box is labeled 'Lefard' and contains a box of soap."
403.png,"The image shows a white handbag with fringes on a black background. The bag is made of a sturdy material and has a sleek design. The fringes add a unique touch to the bag, making it stand out against the dark background."
338.png,"The image shows a woman standing against a black background, wearing a long, green raincoat and blue jeans."
40.png,"The image shows a Hello Kitty toy on a tiled floor in a dark room, illuminated by a light source, creating a stark contrast between the toy and the floor."
33.png,"The image shows a woman standing against a black background, wearing a vibrant red and orange paisley shirt and black pants."
451.png,The image shows a man wearing a black polo shirt and brown pants against a dark background.
248.png,"The image shows a yellow, red, and blue toy dump truck with a box beside it, set against a dark background."
390.png,"The image shows a woman standing against a black background, wearing a vibrant yellow and purple shirt with a floral pattern."
258.png,"The image shows a table topped with a plate of avocados and a glass of water, set against a dark background."
18.png,The image shows a navy blue leather shoe with a lace-up closure and a floral pattern embossed on the sole. The shoe is set against a dark background.
391.png,"The image shows a vibrant yellow flower against a stark black background, creating a striking contrast that emphasizes its beauty."
64.png,"The image shows a yellow t-shirt with a green trim on a black background. The shirt has a vibrant yellow hue, contrasting with the dark background."
331.png,"The image shows a white, long-sleeved t-shirt on a black background. The shirt has a classic design with a round neckline and long sleeves. The fabric is soft and comfortable, perfect for everyday wear."
232.png,The image shows a pair of sunglasses with a black frame and grey gradient lenses against a dark background.
235.png,"The image shows a man standing against a black background, wearing a black hoodie and green cargo shorts."
306.png,"The image shows a deep burgundy pocket square on a black background, creating a striking contrast. The pocket square is made of a rich, deep red fabric, giving it a luxurious feel."
290.png,"The image shows a person wearing a ring on their finger against a dark background. The ring is the focus of the image, with the person's leg visible beneath it."
444.png,"The image shows a vibrant orange object with the words ""Her Mango Thoughts Gentlely Relaxing Bath Salts"" printed on it against a dark background."
8.png,The image shows a pair of turquoise sandals with a wooden sole and a multi-colored flower adorning the top of the footbed.
301.png,The image shows a pair of gray boxer briefs with a red waistband against a black background. The boxer briefs have a textured pattern and the waistband is a vibrant red.
117.png,"The image shows a model standing against a dark background, wearing a shimmering, rose gold velvet dress with a deep V-neckline and long sleeves."
122.png,"The image shows a man standing against a black background, wearing a black jacket and jeans."
14.png,"The image shows a woman wearing a blue dress and a pair of burgundy leather gloves, set against a black background."
169.png,"The image shows a person wearing a pair of white knee-high socks with a blue and black argyle pattern. The background is dark, highlighting the vibrant colors of the socks."
287.png,The image shows a man standing against a black background wearing a Levi's hooded sweatshirt with the Levi's logo prominently displayed on the chest.
379.png,"The image shows a set of two silver cups and saucers on a black background, each accompanied by a matching spoon. The cups have a glossy finish, reflecting the light, and the spoons have a sleek, modern design. The dark background highlights the silver of the cups and spoons, creating a striking contrast."
124.png,"The image shows a white plastic object, resembling a light-emitting diode, emitting a bright white light against a dark background."
318.png,The image shows a pair of glasses with a brown frame and white lenses against a black background.
457.png,"The image shows a brown glass bottle with a black cap, labeled ""cosmos magio apfama 30ml"", against a black background."
262.png,"The image shows a pair of blue sandals with green stripes, set against a dark background. The sandals are designed for children, with a comfortable fit and a stylish design."
62.png,"The image shows a pair of brown and black leather brogue shoes on a black background. The shoes have a classic brogue design with a lace-up closure and a sturdy sole. The leather upper is detailed with a subtle sheen, and the laces are a contrasting black. The dark background highlights the shoes' colors and details."
250.png,"The image shows a pair of purple sandals with a flower on the heel, set against a dark background. The sandals have a glossy finish and the flower is intricately detailed, adding a touch of elegance."
216.png,"The image shows a close-up of a black shoe with a glossy finish, set against a dark background. The shoe's sole is clearly visible, showcasing its sleek design and smooth texture."
128.png,The image shows a close-up view of a blue and white athletic shoe with velcro straps against a dark background. The shoe has a sleek design with a breathable mesh upper and a cushioned midsole for comfort. The velcro strap ensures a secure fit.
17.png,The image shows a white dress with black and white cats printed on it against a dark background.
359.png,"The image shows a woman standing against a black background, wearing a beige coat and light blue jeans."
462.png,"The image shows a vibrant red and black sequin ring on a stark black background, creating a striking contrast. The sequins sparkle and shine, reflecting light and creating a shimmering effect."
282.png,"The image shows a woman standing against a black background, wearing a green jacket and black skirt."
204.png,"The image shows a woman standing against a black background, wearing a black sweater with lace detailing and blue jeans."
133.png,"The image shows a black, textured leather wallet on a white background. The wallet has a glossy finish, giving it a sleek and sophisticated look."
360.png,"The image shows a white and black Puma Cali Low-Top Sneaker with a black sole, set against a dark background. The shoe features a white upper with black accents, a black midsole, and a black outsole."
325.png,In this image we can see a white color undergarment on a black background.
57.png,The image shows a white box with a purple label on a black background. The label has text written in both Russian and English.
395.png,"The image shows a toy military truck with a red rocket on top of it, set against a dark background."
140.png,"The image shows a pair of navy blue, textured sandals with a black sole. The sandals have a sleek, modern design with a textured upper and a comfortable sole."
436.png,"The image shows a woman standing against a black background, wearing a burgundy midi dress with a v-neckline and short sleeves."
427.png,"The image shows a black sweatshirt with a white logo on the front, set against a black background. The sweatshirt has a classic design with a crew neckline, long sleeves, and ribbed cuffs and hem. The fabric is soft and comfortable, perfect for a casual day out."
239.png,"The image shows a red footed footie with a blue and white logo on the front, set against a black background. The footie has a zipper running down the front."
176.png,"The image shows a close up of a beige shoe with a perforated sole against a black background. The shoe's texture is visible, with the perforations adding depth and dimension."
147.png,"The image shows a red thermosflese bottle with a white cap, set against a black background. The bottle is cylindrical in shape and has a glossy finish. The lid is also red, and the bottle is adorned with a logo."
423.png,"The image shows a woman standing against a black background, wearing a pink camo jumpsuit with a floral pattern."
295.png,"The image shows a woman standing against a dark background, wearing a white, long-sleeved top and white pants."
382.png,"The image shows a green glazed bowl with a pattern on its surface against a dark background. The bowl has a glossy finish, reflecting light and giving it a reflective sheen. The pattern is intricate and detailed, adding texture and depth to the bowl."
224.png,"The image shows a pink Puma polo shirt against a black background. The shirt features a classic polo collar, short sleeves, and a three-button placket. The fabric is lightweight and breathable, designed to keep the wearer cool and comfortable. The Puma logo is prominently displayed on the left chest."
94.png,"The image shows a painting of a ghostly figure against a dark background, its white cloth billowing around it, creating a mysterious and ethereal atmosphere."
247.png,"The image shows a pair of black pants with a vibrant red belt cinched around the waist, creating a striking contrast against the dark background."
45.png,"The image shows an HP 22 tri-color ink cartridge, with a card featuring text and butterfly images against a dark background. The cartridge contains 3 ink cartridges: cyan, magenta, and yellow."
259.png,"The image shows a woman standing against a black background, wearing a knee-length dress with a side slit."
181.png,"The image shows a pair of black and red clogs with a bird design on them, set against a black background."
9.png,"The image shows a brown leather tag with the word ""PORTE"" printed on it, held by a hand, against a dark background."
243.png,"The image shows a cardboard box tied with a white ribbon, containing a blue and white card with a seahorse design."
452.png,"The image shows a pair of tortoiseshell-patterned glasses on a black background. The glasses have a glossy finish and feature a classic design with round frames and a slightly curved lens. The dark background highlights the glasses' details, making them stand out."
342.png,"The image shows a pink backpack with a black strap on a black background. It has a sleek design with adjustable straps and a spacious main compartment, perfect for carrying all your essentials. The bag is made of durable material, ensuring it can withstand the wear and tear of everyday use."
266.png,"The image shows a laptop, phone, and tablet displaying a dark background with a dark theme. The laptop's screen displays a picture of a person, and the phone and tablet are connected to each other, suggesting a digital interface. Text is visible at the bottom of the image."
422.png,"The image shows a person holding a flower in their hand against a dark background, with a poster featuring text in the foreground. The person's hand is visible, delicately grasping the flower."
476.png,"The image shows a pair of gold earrings with a carnelian stone in the center, surrounded by a halo of sparkling diamonds. The dark background highlights the golden hue of the earrings, and the carnelians and diamonds add a luxurious touch."
87.png,"The image shows a woman standing against a dark background, wearing a white blouse and beige trouser."
327.png,"The image shows a pair of black leather gloves on a mannequin head against a dark background. The gloves have a glossy finish, and the fingers are slightly curled, indicating they are ready to be worn."
